{"Pop":{"x":[-15.54431125774022,-15.128954073831187,-14.262064457290371,-14.252940053274562,-14.244961248463444,-8.499650173221301,-8.068773584438947,-7.375612618204661,-7.180269826308826,-1.8488427854638427,-0.5530733390361762,0.9382739345634611,1.0478324066633842,1.55124356931383,2.2860781438797035,3.609695984074613,4.190425843991057,4.602567077645277,4.61850207009133,5.049174333517903,5.825164773532138,6.060726623601071,6.4124796499371755,6.9513553770385395,7.572197623661958,7.889756705395669,8.149090730986916,8.636972875504181,9.076044666110862,10.019070443723479,10.097190373193579,12.637492604366429,13.20801964605958],"y":[-0.3662686467130307,-0.20200533362687423,-0.8045802463752254,-0.6406878749084555,-0.2714903570388999,0.7744060476074762,0.5365227204047421,0.3758532305929386,1.0379464641101284,0.7937195700219258,1.3397144944001718,1.5829759106507801,0.5966314318611001,0.970769949538506,0.7699406953469804,1.3149500546385604,0.9395860245735408,1.3642744760755618,0.9073197618630761,1.538827580766734,1.452045169351511,0.8253041974923162,1.0610302807169725,1.4567165463178582,1.4213121730363134,0.9795937082317269,1.047258770757987,1.31771006730325,0.4916011836392033,1.1287803816283466,0.3357538809927009,1.5645713747318177,1.2247788868827671],"title":["I Dont Think That I Like Her","psychofreak feat. WILLOW","Weapons","STAY with Justin Bieber","SNAP","Made You Look","Locked out of Heaven","STAR WALKIN League of Legends Worlds Anthem","Shivers","Sunroof","Im Good Blue","Sweater Weather","Satellite","Fly Away Jonas Blue Remix","No One Dies From Love","Flowers","Cloudy Day","Late Night Talking","CUFF IT","Dancings Done","Kiss Me More feat. SZA","Dont Go Yet","About Damn Time","Charlie","Break My Heart Myself feat. Travis Barker","Nothing on You","Yalanc","Left and Right Feat. Jung Kook of BTS","Antidepresan","Bam Bam feat. Ed Sheeran","Bi Tek Ben Anlarm","Ur So FkInG cOoL","Akn Olaym"],"markersize":[40,40,40,40,40,40,40,40,40,40,40,40,40,40,40,40,40,40,40,40,40,40,40,40,40,40,40,40,40,40,40,40,40],"linewidth":[2,2,2,2,2,2,2,2,2,2,2,2,2,2,2,2,2,2,2,2,2,2,2,2,2,2,2,2,2,2,2,2,2],"linecolor":["white","white","white","white","white","white","white","white","white","white","white","white","white","white","white","white","white","white","white","white","white","white","white","white","white","white","white","white","white","white","white","white","white"]},"Rock":{"x":[-15.94128009733164,-13.558196300820029,-12.585723793233628,-11.207448266211335,-9.611378029319193,-9.056105985201045,-7.040187831416419,-6.645687128141606,-5.8135489018651825,-5.7813743431151705,-5.630554717023021,-4.7387323372583126,-2.7101801156207155,-0.2834452178934472,0.24889842224903827,0.5676340884172626,1.2602408941236265,1.5230831220998688,3.757564128324675,4.5383172502386415,5.176132850429679,6.841533832138279,7.504871363500602,8.821164319653885,10.871137985621196,10.940103243310523,11.463417573478207,11.527354648362898],"y":[-0.5306882770070509,-0.5882043440007686,-0.35390362598953223,-0.5685439607568841,-0.899963262557361,0.536127475638724,0.3486996886089182,0.7108750040074212,0.9299250873468365,0.4812321441029413,-0.31705287055494946,-0.7818450838421329,0.6000985502759899,0.9959427916538379,-1.5191155301701167,-1.6540780760731688,0.2919585544596338,0.2621473509003364,0.3438018974972393,-0.06245098206902151,0.8055090563226753,0.57661487021308,0.8464751693379338,0.8401278569259563,0.5486912660312481,0.5855853061378453,0.48453409280099236,-0.5128359148731866],"title":["Lets Go Crazy","Breaking the Law","Everlong","The Chain  2004 Remaster","Hotel California  2013 Remaster","Born to Run","Panama  2015 Remaster","Girls Girls Girls","Crazy Train","You Really Got Me  2015 Remaster","Long Cool Woman In a Black Dress  1999 Remaster","Barracuda","Thunderstruck","You Shook Me All Night Long","Comfortably Numb  2011 Remastered Version","Rebel Rebel  2016 Remaster","Seven Nation Army","Psycho Killer  2005 Remaster","House of the Rising Sun","Everywhere  2017 Remaster","Should I Stay or Should I Go  Remastered","Good Times Roll  2016 Remaster","Even Flow","Would 2022 Remaster","Creep","Give It Away","Whole Lotta Love  1990 Remaster","Africa"],"markersize":[40,40,40,40,40,40,40,40,40,40,40,40,40,40,40,40,40,40,40,40,40,40,40,40,40,40,40,40],"linewidth":[2,2,2,2,2,2,2,2,2,2,2,2,2,2,2,2,2,2,2,2,2,2,2,2,2,2,2,2],"linecolor":["white","white","white","white","white","white","white","white","white","white","white","white","white","white","white","white","white","white","white","white","white","white","white","white","white","white","white","white"]},"Techno":{"x":[-16.04069108090629,-15.118831346373879,-14.25791807565459,-12.973370587871575,-12.95543501872411,-12.934240175674422,-11.899145415887388,-10.792535254826907,-10.747148518466958,-10.743843415776174,-10.707881997692827,-10.676929694166262,-10.645970579239814,-10.465729623188842,-10.429855523807008,-10.32023146781358,-10.319146253958984,-9.571827612274461,-9.007988160469894,-8.513499687994042,-8.497787270340364,-7.490720113902533,-6.7784169170763215,-6.163666700806011,-6.132851365074208,-5.0773979646473215,-3.9428516440564922,-2.51024009503892,-1.6666580384217686,-1.2322071172565126,-1.215996768974974,-1.1004482843968462,-0.4611089737615325,-0.0815757976814303,0.2812287595870225,0.29231857698920616,0.3802330535399325,0.5210651031716437,1.0380187731764838,10.041187668356063],"y":[-0.5498799255776285,-0.7142894083881609,0.03309300247102927,-0.7781250024319286,-0.6347368132869848,-0.31944254678228695,-0.27429954732114425,-1.2033610968383543,-0.27517575290269086,-0.11187338178128745,-1.324207364305417,0.11943265961325664,-1.1105875126222227,-0.5497744415100704,0.3796819466027332,-0.56667602004237,-0.4421273230241374,0.4334870343591018,-0.21358654694401208,0.4125262648004119,-0.3083353302861411,-0.5885069901737732,-0.3228942714016028,-0.5555748934347269,-0.35656817228076776,0.17240149074215633,-0.15591448226211796,0.008218752384412387,0.0853227155952766,0.8023279208571069,0.5047603424395749,-0.2395461405336322,0.20080215588520367,-1.1703176805951139,0.7263982081061937,0.8920840979579631,-0.2817303364005595,-0.9041053466315437,0.8348199152092409,1.0515927413305162],"title":["Wachtmuziek Sped Up","Sevilla","ANOTHER LOVE TECHNO","SOAR","Push Up  Original Mix","Crying in your sleep","Lekkere Boterham","Help Me","Samson  Ket","Mindcontroller","WE ARE THE PEOPLE TECHNO","Fist On Acid  Techno Mix","Its My Beat","Obsession","Toro I Hate Models Speed Up Revival Edit of Andre VII RMX","Falkors Return","We Are The People","PRAISE THE LORD TECHNO","Bamboleo","Visstick Gooi Die Kanker Kick","Miss You","Techno Crari","141 Schneeschieber","Missing Channel  Original Mix","Sie Liebt Techno","B.O.T.A. Baddest Of Them All","Caliente  Techno Remix","Resistance","Acid Waves  Original Mix","Mandala","Inside My Head","Rock With Me","Maria Maria","JESUS IN BERLIN","Corocito Manguelena","Satisfaction","Passi  Deborah De Luca Remix","Turn on the lights  8D Audio","La Rave","Umi  Remix"],"markersize":[40,40,40,40,40,40,40,40,40,40,40,40,40,40,40,40,40,40,40,40,40,40,40,40,40,40,40,40,40,40,40,40,40,40,40,40,40,40,40,40],"linewidth":[2,2,2,2,2,2,2,2,2,2,2,2,2,2,2,2,2,2,2,2,2,2,2,2,2,2,2,2,2,2,2,2,2,2,2,2,2,2,2,2],"linecolor":["white","white","white","white","white","white","white","white","white","white","white","white","white","white","white","white","white","white","white","white","white","white","white","white","white","white","white","white","white","white","white","white","white","white","white","white","white","white","white","white"]},"Jazz":{"x":[-9.925293356693876,-5.67508129457091,0.27541779464000504,0.5468436689323918,3.7318999683970664,5.612794100672883,13.320405146812128],"y":[-1.6353107011355434,-0.6929631122401152,-0.025200305214292475,-1.7890721652803379,-0.0006875736520741925,-1.5077734172462771,0.7868839716569346],